<application>
  <component name="MaterialCustomThemeConfig">
    <option name="excludedColor" value="5a638cff" />
    <option name="accentColor" value="7aa2f7ff" />
    <option name="notificationsColor" value="16161eff" />
    <option name="treeSelectionColor" value="1e202eff" />
    <option name="highlightColor" value="282b3cff" />
    <option name="secondBorderColor" value="101014ff" />
    <option name="tableSelectedColor" value="252838ff" />
    <option name="contrastColor" value="16161eff" />
    <option name="disabledColor" value="5a638cff" />
    <option name="secondaryBackgroundColor" value="101014ff" />
    <option name="buttonColor" value="1e202eff" />
    <option name="selectionForegroundColor" value="ffffffff" />
    <option name="selectionBackgroundColor" value="1e202eff" />
    <option name="textColor" value="6b7599ff" />
    <option name="foregroundColor" value="6e728dff" />
    <option name="backgroundColor" value="16161eff" />
  </component>
</application>